{"GAZP": [{"window_size": 14, "hidden_size": 49, "num_layers": 3, "learning_rate": 0.0008723391968171959}, 6414417.082228127], "GMKN": [{"window_size": 88, "hidden_size": 58, "num_layers": 2, "learning_rate": 0.005260719511225322}, 1406883.8337396719], "LKOH": [{"window_size": 8, "hidden_size": 101, "num_layers": 3, "learning_rate": 0.0007777177092575643}, 45142.54988384393], "NVTK": [{"window_size": 89, "hidden_size": 73, "num_layers": 1, "learning_rate": 0.00011301676428464676}, 140188.78256901327], "PLZL": [{"window_size": 47, "hidden_size": 117, "num_layers": 3, "learning_rate": 0.0013811690000516048}, 35511.959513536385], "ROSN": [{"window_size": 68, "hidden_size": 85, "num_layers": 1, "learning_rate": 0.003449435389002515}, 227999.84388349272], "SBER": [{"window_size": 30, "hidden_size": 86, "num_layers": 3, "learning_rate": 0.0002000300312994061}, 2619488.4177977177], "SIBN": [{"window_size": 81, "hidden_size": 61, "num_layers": 1, "learning_rate": 0.004670684576631288}, 121590.66753596262], "TATN": [{"window_size": 63, "hidden_size": 52, "num_layers": 3, "learning_rate": 0.00022119070125143844}, 187100.35614336398]}